{"cameraMode":{"drawMode":0,"name":"Shaded","section":"Shading Mode"},"sceneLighting":true,"audioPlay":false,"sceneViewState":{"showFog":false,"showMaterialUpdate":false,"showSkybox":false,"showFlares":false,"showImageEffects":false,"showParticleSystems":false},"in2DMode":false,"pivot":{"x":-80.47539520263672,"y":35.09585189819336,"z":212.17599487304688},"rotation":{"x":-0.24189798533916474,"y":0.5126674771308899,"z":-0.15320587158203126,"w":-0.8094353079795837},"size":5.180070877075195,"orthographic":true}