{"cameraMode":{"drawMode":0,"name":"Shaded","section":"Shading Mode"},"sceneLighting":false,"audioPlay":false,"sceneViewState":{"showFog":true,"showMaterialUpdate":true,"showSkybox":false,"showFlares":true,"showImageEffects":true,"showParticleSystems":true},"in2DMode":false,"pivot":{"x":0.10535707324743271,"y":0.7585579752922058,"z":-0.12781637907028199},"rotation":{"x":0.005949449259787798,"y":0.9869965314865112,"z":-0.15617020428180695,"w":0.03759526088833809},"size":6.184252738952637,"orthographic":false}